firstName,lastName,email,lastBillingDate,isActiveMembership
Nirbhay,Singh,n@gmail.com,09/12/2022,TRUE
Sakshi,Babbar,s@gmail.com,10/10/2023,FALSE
Manish,kumar,m@gmail.com,11/10/2023,FALSE
Nirbhay,Singh,n@gmail.com,09/12/2022,TRUE
Sakshi,Babbar,s@gmail.com,10/10/2023,FALSE
Manish,kumar,m@gmail.com,11/10/2023,FALSE
Nirbhay,Singh,n@gmail.com,09/12/2022,TRUE
Sakshi,Babbar,s@gmail.com,10/10/2023,FALSE
Manish,kumar,m@gmail.com,11/10/2023,FALSE
Nirbhay,Singh,n@gmail.com,09/12/2022,TRUE
Sakshi,Babbar,s@gmail.com,10/10/2023,FALSE
Manish,kumar,m@gmail.com,11/10/2023,FALSE
Nirbhay,Singh,n@gmail.com,09/12/2022,TRUE
Sakshi,Babbar,s@gmail.com,10/10/2023,FALSE
Manish,kumar,m@gmail.com,11/10/2023,FALSE
Nirbhay,Singh,n@gmail.com,09/12/2022,TRUE
Sakshi,Babbar,s@gmail.com,10/10/2023,FALSE
Manish,kumar,m@gmail.com,11/10/2023,FALSE
Nirbhay,Singh,n@gmail.com,09/12/2022,TRUE
Sakshi,Babbar,s@gmail.com,10/10/2023,FALSE
Manish,kumar,m@gmail.com,11/10/2023,FALSE
Nirbhay,Singh,n@gmail.com,09/12/2022,TRUE
Sakshi,Babbar,s@gmail.com,10/10/2023,FALSE
Manish,kumar,m@gmail.com,11/10/2023,FALSE
Nirbhay,Singh,n@gmail.com,09/12/2022,TRUE
Sakshi,Babbar,s@gmail.com,10/10/2023,FALSE
Manish,kumar,m@gmail.com,11/10/2023,FALSE
Nirbhay,Singh,n@gmail.com,09/12/2022,TRUE
Sakshi,Babbar,s@gmail.com,10/10/2023,FALSE
Manish,kumar,m@gmail.com,11/10/2023,FALSE
Nirbhay,Singh,n@gmail.com,09/12/2022,TRUE
Sakshi,Babbar,s@gmail.com,10/10/2023,FALSE
Manish,kumar,m@gmail.com,11/10/2023,FALSE
Nirbhay,Singh,n@gmail.com,09/12/2022,TRUE
Sakshi,Babbar,s@gmail.com,10/10/2023,FALSE
Manish,kumar,m@gmail.com,11/10/2023,FALSE
Nirbhay,Singh,n@gmail.com,09/12/2022,TRUE
Sakshi,Babbar,s@gmail.com,10/10/2023,FALSE
Manish,kumar,m@gmail.com,11/10/2023,FALSE
Nirbhay,Singh,n@gmail.com,09/12/2022,TRUE
Sakshi,Babbar,s@gmail.com,10/10/2023,FALSE
Manish,kumar,m@gmail.com,11/10/2023,FALSE
Nirbhay,Singh,n@gmail.com,09/12/2022,TRUE
Sakshi,Babbar,s@gmail.com,10/10/2023,FALSE
Manish,kumar,m@gmail.com,11/10/2023,FALSE
Nirbhay,Singh,n@gmail.com,09/12/2022,TRUE
Sakshi,Babbar,s@gmail.com,10/10/2023,FALSE
Manish,kumar,m@gmail.com,11/10/2023,FALSE
Nirbhay,Singh,n@gmail.com,09/12/2022,TRUE
Sakshi,Babbar,s@gmail.com,10/10/2023,FALSE
Manish,kumar,m@gmail.com,11/10/2023,FALSE
Nirbhay,Singh,n@gmail.com,09/12/2022,TRUE
Sakshi,Babbar,s@gmail.com,10/10/2023,FALSE
Manish,kumar,m@gmail.com,11/10/2023,FALSE
Nirbhay,Singh,n@gmail.com,09/12/2022,TRUE
Sakshi,Babbar,s@gmail.com,10/10/2023,FALSE
Manish,kumar,m@gmail.com,11/10/2023,FALSE
Nirbhay,Singh,n@gmail.com,09/12/2022,TRUE
Sakshi,Babbar,s@gmail.com,10/10/2023,FALSE
Manish,kumar,m@gmail.com,11/10/2023,FALSE
Nirbhay,Singh,n@gmail.com,09/12/2022,TRUE
Sakshi,Babbar,s@gmail.com,10/10/2023,FALSE
Manish,kumar,m@gmail.com,11/10/2023,FALSE
Nirbhay,Singh,n@gmail.com,09/12/2022,TRUE
Sakshi,Babbar,s@gmail.com,10/10/2023,FALSE
Manish,kumar,m@gmail.com,11/10/2023,FALSE
Nirbhay,Singh,n@gmail.com,09/12/2022,TRUE
Sakshi,Babbar,s@gmail.com,10/10/2023,FALSE
Manish,kumar,m@gmail.com,11/10/2023,FALSE
Nirbhay,Singh,n@gmail.com,09/12/2022,TRUE
Sakshi,Babbar,s@gmail.com,10/10/2023,FALSE
Manish,kumar,m@gmail.com,11/10/2023,FALSE
Nirbhay,Singh,n@gmail.com,09/12/2022,TRUE
Sakshi,Babbar,s@gmail.com,10/10/2023,FALSE
Manish,kumar,m@gmail.com,11/10/2023,FALSE
Nirbhay,Singh,n@gmail.com,09/12/2022,TRUE
Sakshi,Babbar,s@gmail.com,10/10/2023,FALSE
Manish,kumar,m@gmail.com,11/10/2023,FALSE
Nirbhay,Singh,n@gmail.com,09/12/2022,TRUE
Sakshi,Babbar,s@gmail.com,10/10/2023,FALSE
Manish,kumar,m@gmail.com,11/10/2023,FALSE
Nirbhay,Singh,n@gmail.com,09/12/2022,TRUE
Sakshi,Babbar,s@gmail.com,10/10/2023,FALSE
Manish,kumar,m@gmail.com,11/10/2023,FALSE
Nirbhay,Singh,n@gmail.com,09/12/2022,TRUE
Sakshi,Babbar,s@gmail.com,10/10/2023,FALSE
Manish,kumar,m@gmail.com,11/10/2023,FALSE
Nirbhay,Singh,n@gmail.com,09/12/2022,TRUE
Sakshi,Babbar,s@gmail.com,10/10/2023,FALSE
Manish,kumar,m@gmail.com,11/10/2023,FALSE
Nirbhay,Singh,n@gmail.com,09/12/2022,TRUE
Sakshi,Babbar,s@gmail.com,10/10/2023,FALSE
Manish,kumar,m@gmail.com,11/10/2023,FALSE
Nirbhay,Singh,n@gmail.com,09/12/2022,TRUE
Sakshi,Babbar,s@gmail.com,10/10/2023,FALSE
Manish,kumar,m@gmail.com,11/10/2023,FALSE
Nirbhay,Singh,n@gmail.com,09/12/2022,TRUE
Sakshi,Babbar,s@gmail.com,10/10/2023,FALSE
Manish,kumar,m@gmail.com,11/10/2023,FALSE
Nirbhay,Singh,n@gmail.com,09/12/2022,TRUE
Sakshi,Babbar,s@gmail.com,10/10/2023,FALSE
Manish,kumar,m@gmail.com,11/10/2023,FALSE
Nirbhay,Singh,n@gmail.com,09/12/2022,TRUE
Sakshi,Babbar,s@gmail.com,10/10/2023,FALSE
Manish,kumar,m@gmail.com,11/10/2023,FALSE
Nirbhay,Singh,n@gmail.com,09/12/2022,TRUE
Sakshi,Babbar,s@gmail.com,10/10/2023,FALSE
Manish,kumar,m@gmail.com,11/10/2023,FALSE
Nirbhay,Singh,n@gmail.com,09/12/2022,TRUE
Sakshi,Babbar,s@gmail.com,10/10/2023,FALSE
Manish,kumar,m@gmail.com,11/10/2023,FALSE
Nirbhay,Singh,n@gmail.com,09/12/2022,TRUE
Sakshi,Babbar,s@gmail.com,10/10/2023,FALSE
Manish,kumar,m@gmail.com,11/10/2023,FALSE
Nirbhay,Singh,n@gmail.com,09/12/2022,TRUE
Sakshi,Babbar,s@gmail.com,10/10/2023,FALSE
Manish,kumar,m@gmail.com,11/10/2023,FALSE
Nirbhay,Singh,n@gmail.com,09/12/2022,TRUE
Sakshi,Babbar,s@gmail.com,10/10/2023,FALSE
Manish,kumar,m@gmail.com,11/10/2023,FALSE
Nirbhay,Singh,n@gmail.com,09/12/2022,TRUE
Sakshi,Babbar,s@gmail.com,10/10/2023,FALSE
Manish,kumar,m@gmail.com,11/10/2023,FALSE
Nirbhay,Singh,n@gmail.com,09/12/2022,TRUE
Sakshi,Babbar,s@gmail.com,10/10/2023,FALSE
Manish,kumar,m@gmail.com,11/10/2023,FALSE
Nirbhay,Singh,n@gmail.com,09/12/2022,TRUE
Sakshi,Babbar,s@gmail.com,10/10/2023,FALSE
Manish,kumar,m@gmail.com,11/10/2023,FALSE
Nirbhay,Singh,n@gmail.com,09/12/2022,TRUE
Sakshi,Babbar,s@gmail.com,10/10/2023,FALSE
Manish,kumar,m@gmail.com,11/10/2023,FALSE
Nirbhay,Singh,n@gmail.com,09/12/2022,TRUE
Sakshi,Babbar,s@gmail.com,10/10/2023,FALSE
Manish,kumar,m@gmail.com,11/10/2023,FALSE
Nirbhay,Singh,n@gmail.com,09/12/2022,TRUE
Sakshi,Babbar,s@gmail.com,10/10/2023,FALSE
Manish,kumar,m@gmail.com,11/10/2023,FALSE
Nirbhay,Singh,n@gmail.com,09/12/2022,TRUE
Sakshi,Babbar,s@gmail.com,10/10/2023,FALSE
Manish,kumar,m@gmail.com,11/10/2023,FALSE
Nirbhay,Singh,n@gmail.com,09/12/2022,TRUE
Sakshi,Babbar,s@gmail.com,10/10/2023,FALSE
Manish,kumar,m@gmail.com,11/10/2023,FALSE
Nirbhay,Singh,n@gmail.com,09/12/2022,TRUE
Sakshi,Babbar,s@gmail.com,10/10/2023,FALSE
Manish,kumar,m@gmail.com,11/10/2023,FALSE
Nirbhay,Singh,n@gmail.com,09/12/2022,TRUE
Sakshi,Babbar,s@gmail.com,10/10/2023,FALSE
Manish,kumar,m@gmail.com,11/10/2023,FALSE
Nirbhay,Singh,n@gmail.com,09/12/2022,TRUE
Sakshi,Babbar,s@gmail.com,10/10/2023,FALSE
Manish,kumar,m@gmail.com,11/10/2023,FALSE
Nirbhay,Singh,n@gmail.com,09/12/2022,TRUE
Sakshi,Babbar,s@gmail.com,10/10/2023,FALSE
Manish,kumar,m@gmail.com,11/10/2023,FALSE
Nirbhay,Singh,n@gmail.com,09/12/2022,TRUE
Sakshi,Babbar,s@gmail.com,10/10/2023,FALSE
Manish,kumar,m@gmail.com,11/10/2023,FALSE
Nirbhay,Singh,n@gmail.com,09/12/2022,TRUE
Sakshi,Babbar,s@gmail.com,10/10/2023,FALSE
Manish,kumar,m@gmail.com,11/10/2023,FALSE
Nirbhay,Singh,n@gmail.com,09/12/2022,TRUE
Sakshi,Babbar,s@gmail.com,10/10/2023,FALSE
Manish,kumar,m@gmail.com,11/10/2023,FALSE
Nirbhay,Singh,n@gmail.com,09/12/2022,TRUE
Sakshi,Babbar,s@gmail.com,10/10/2023,FALSE
Manish,kumar,m@gmail.com,11/10/2023,FALSE
Nirbhay,Singh,n@gmail.com,09/12/2022,TRUE
Sakshi,Babbar,s@gmail.com,10/10/2023,FALSE
Manish,kumar,m@gmail.com,11/10/2023,FALSE
Nirbhay,Singh,n@gmail.com,09/12/2022,TRUE
Sakshi,Babbar,s@gmail.com,10/10/2023,FALSE
Manish,kumar,m@gmail.com,11/10/2023,FALSE
Nirbhay,Singh,n@gmail.com,09/12/2022,TRUE
Sakshi,Babbar,s@gmail.com,10/10/2023,FALSE
Manish,kumar,m@gmail.com,11/10/2023,FALSE
Nirbhay,Singh,n@gmail.com,09/12/2022,TRUE
Sakshi,Babbar,s@gmail.com,10/10/2023,FALSE
Manish,kumar,m@gmail.com,11/10/2023,FALSE
Nirbhay,Singh,n@gmail.com,09/12/2022,TRUE
Sakshi,Babbar,s@gmail.com,10/10/2023,FALSE
Manish,kumar,m@gmail.com,11/10/2023,FALSE
Nirbhay,Singh,n@gmail.com,09/12/2022,TRUE
Sakshi,Babbar,s@gmail.com,10/10/2023,FALSE
Manish,kumar,m@gmail.com,11/10/2023,FALSE
Nirbhay,Singh,n@gmail.com,09/12/2022,TRUE
Sakshi,Babbar,s@gmail.com,10/10/2023,FALSE
Manish,kumar,m@gmail.com,11/10/2023,FALSE
Nirbhay,Singh,n@gmail.com,09/12/2022,TRUE
Sakshi,Babbar,s@gmail.com,10/10/2023,FALSE
Manish,kumar,m@gmail.com,11/10/2023,FALSE
Nirbhay,Singh,n@gmail.com,09/12/2022,TRUE
Sakshi,Babbar,s@gmail.com,10/10/2023,FALSE
Manish,kumar,m@gmail.com,11/10/2023,FALSE
Nirbhay,Singh,n@gmail.com,09/12/2022,TRUE
Sakshi,Babbar,s@gmail.com,10/10/2023,FALSE
Manish,kumar,m@gmail.com,11/10/2023,FALSE
Nirbhay,Singh,n@gmail.com,09/12/2022,TRUE
Sakshi,Babbar,s@gmail.com,10/10/2023,FALSE
Manish,kumar,m@gmail.com,11/10/2023,FALSE
Nirbhay,Singh,n@gmail.com,09/12/2022,TRUE
Sakshi,Babbar,s@gmail.com,10/10/2023,FALSE
Manish,kumar,m@gmail.com,11/10/2023,FALSE
Nirbhay,Singh,n@gmail.com,09/12/2022,TRUE
Sakshi,Babbar,s@gmail.com,10/10/2023,FALSE
Manish,kumar,m@gmail.com,11/10/2023,FALSE
Nirbhay,Singh,n@gmail.com,09/12/2022,TRUE
Sakshi,Babbar,s@gmail.com,10/10/2023,FALSE
Manish,kumar,m@gmail.com,11/10/2023,FALSE
Nirbhay,Singh,n@gmail.com,09/12/2022,TRUE
Sakshi,Babbar,s@gmail.com,10/10/2023,FALSE
Manish,kumar,m@gmail.com,11/10/2023,FALSE
Nirbhay,Singh,n@gmail.com,09/12/2022,TRUE
Sakshi,Babbar,s@gmail.com,10/10/2023,FALSE
Manish,kumar,m@gmail.com,11/10/2023,FALSE
Nirbhay,Singh,n@gmail.com,09/12/2022,TRUE
Sakshi,Babbar,s@gmail.com,10/10/2023,FALSE
Manish,kumar,m@gmail.com,11/10/2023,FALSE
Nirbhay,Singh,n@gmail.com,09/12/2022,TRUE
Sakshi,Babbar,s@gmail.com,10/10/2023,FALSE
Manish,kumar,m@gmail.com,11/10/2023,FALSE
Nirbhay,Singh,n@gmail.com,09/12/2022,TRUE
Sakshi,Babbar,s@gmail.com,10/10/2023,FALSE
Manish,kumar,m@gmail.com,11/10/2023,FALSE
Nirbhay,Singh,n@gmail.com,09/12/2022,TRUE
Sakshi,Babbar,s@gmail.com,10/10/2023,FALSE
Manish,kumar,m@gmail.com,11/10/2023,FALSE
Nirbhay,Singh,n@gmail.com,09/12/2022,TRUE
Sakshi,Babbar,s@gmail.com,10/10/2023,FALSE
Manish,kumar,m@gmail.com,11/10/2023,FALSE
Nirbhay,Singh,n@gmail.com,09/12/2022,TRUE
Sakshi,Babbar,s@gmail.com,10/10/2023,FALSE
Manish,kumar,m@gmail.com,11/10/2023,FALSE
Nirbhay,Singh,n@gmail.com,09/12/2022,TRUE
Sakshi,Babbar,s@gmail.com,10/10/2023,FALSE
Manish,kumar,m@gmail.com,11/10/2023,FALSE
Nirbhay,Singh,n@gmail.com,09/12/2022,TRUE
Sakshi,Babbar,s@gmail.com,10/10/2023,FALSE
Manish,kumar,m@gmail.com,11/10/2023,FALSE
Nirbhay,Singh,n@gmail.com,09/12/2022,TRUE
Sakshi,Babbar,s@gmail.com,10/10/2023,FALSE
Manish,kumar,m@gmail.com,11/10/2023,FALSE
Nirbhay,Singh,n@gmail.com,09/12/2022,TRUE
Sakshi,Babbar,s@gmail.com,10/10/2023,FALSE
Manish,kumar,m@gmail.com,11/10/2023,FALSE
Nirbhay,Singh,n@gmail.com,09/12/2022,TRUE
Sakshi,Babbar,s@gmail.com,10/10/2023,FALSE
Manish,kumar,m@gmail.com,11/10/2023,FALSE
Nirbhay,Singh,n@gmail.com,09/12/2022,TRUE
Sakshi,Babbar,s@gmail.com,10/10/2023,FALSE
Manish,kumar,m@gmail.com,11/10/2023,FALSE
Nirbhay,Singh,n@gmail.com,09/12/2022,TRUE
Sakshi,Babbar,s@gmail.com,10/10/2023,FALSE
Manish,kumar,m@gmail.com,11/10/2023,FALSE
Nirbhay,Singh,n@gmail.com,09/12/2022,TRUE
Sakshi,Babbar,s@gmail.com,10/10/2023,FALSE
Manish,kumar,m@gmail.com,11/10/2023,FALSE
Nirbhay,Singh,n@gmail.com,09/12/2022,TRUE
Sakshi,Babbar,s@gmail.com,10/10/2023,FALSE
Manish,kumar,m@gmail.com,11/10/2023,FALSE
Nirbhay,Singh,n@gmail.com,09/12/2022,TRUE
Sakshi,Babbar,s@gmail.com,10/10/2023,FALSE
Manish,kumar,m@gmail.com,11/10/2023,FALSE
Nirbhay,Singh,n@gmail.com,09/12/2022,TRUE
Sakshi,Babbar,s@gmail.com,10/10/2023,FALSE
Manish,kumar,m@gmail.com,11/10/2023,FALSE
Nirbhay,Singh,n@gmail.com,09/12/2022,TRUE
Sakshi,Babbar,s@gmail.com,10/10/2023,FALSE
Manish,kumar,m@gmail.com,11/10/2023,FALSE
Nirbhay,Singh,n@gmail.com,09/12/2022,TRUE
Sakshi,Babbar,s@gmail.com,10/10/2023,FALSE
Manish,kumar,m@gmail.com,11/10/2023,FALSE
Nirbhay,Singh,n@gmail.com,09/12/2022,TRUE
Sakshi,Babbar,s@gmail.com,10/10/2023,FALSE
Manish,kumar,m@gmail.com,11/10/2023,FALSE
Nirbhay,Singh,n@gmail.com,09/12/2022,TRUE
Sakshi,Babbar,s@gmail.com,10/10/2023,FALSE
Manish,kumar,m@gmail.com,11/10/2023,FALSE
Nirbhay,Singh,n@gmail.com,09/12/2022,TRUE
Sakshi,Babbar,s@gmail.com,10/10/2023,FALSE
Manish,kumar,m@gmail.com,11/10/2023,FALSE
Nirbhay,Singh,n@gmail.com,09/12/2022,TRUE
Sakshi,Babbar,s@gmail.com,10/10/2023,FALSE
Manish,kumar,m@gmail.com,11/10/2023,FALSE
Nirbhay,Singh,n@gmail.com,09/12/2022,TRUE
Sakshi,Babbar,s@gmail.com,10/10/2023,FALSE
Manish,kumar,m@gmail.com,11/10/2023,FALSE
Nirbhay,Singh,n@gmail.com,09/12/2022,TRUE
Sakshi,Babbar,s@gmail.com,10/10/2023,FALSE
Manish,kumar,m@gmail.com,11/10/2023,FALSE
Nirbhay,Singh,n@gmail.com,09/12/2022,TRUE
Sakshi,Babbar,s@gmail.com,10/10/2023,FALSE
Manish,kumar,m@gmail.com,11/10/2023,FALSE
Nirbhay,Singh,n@gmail.com,09/12/2022,TRUE
Sakshi,Babbar,s@gmail.com,10/10/2023,FALSE
Manish,kumar,m@gmail.com,11/10/2023,FALSE
Nirbhay,Singh,n@gmail.com,09/12/2022,TRUE
Sakshi,Babbar,s@gmail.com,10/10/2023,FALSE
Manish,kumar,m@gmail.com,11/10/2023,FALSE
Nirbhay,Singh,n@gmail.com,09/12/2022,TRUE
Sakshi,Babbar,s@gmail.com,10/10/2023,FALSE
Manish,kumar,m@gmail.com,11/10/2023,FALSE
Nirbhay,Singh,n@gmail.com,09/12/2022,TRUE
Sakshi,Babbar,s@gmail.com,10/10/2023,FALSE
Manish,kumar,m@gmail.com,11/10/2023,FALSE
Nirbhay,Singh,n@gmail.com,09/12/2022,TRUE
Sakshi,Babbar,s@gmail.com,10/10/2023,FALSE
Manish,kumar,m@gmail.com,11/10/2023,FALSE
Nirbhay,Singh,n@gmail.com,09/12/2022,TRUE
Sakshi,Babbar,s@gmail.com,10/10/2023,FALSE
Manish,kumar,m@gmail.com,11/10/2023,FALSE
Nirbhay,Singh,n@gmail.com,09/12/2022,TRUE
Sakshi,Babbar,s@gmail.com,10/10/2023,FALSE
Manish,kumar,m@gmail.com,11/10/2023,FALSE
Nirbhay,Singh,n@gmail.com,09/12/2022,TRUE
Sakshi,Babbar,s@gmail.com,10/10/2023,FALSE
Manish,kumar,m@gmail.com,11/10/2023,FALSE
Nirbhay,Singh,n@gmail.com,09/12/2022,TRUE
Sakshi,Babbar,s@gmail.com,10/10/2023,FALSE
Manish,kumar,m@gmail.com,11/10/2023,FALSE
Nirbhay,Singh,n@gmail.com,09/12/2022,TRUE
Sakshi,Babbar,s@gmail.com,10/10/2023,FALSE
Manish,kumar,m@gmail.com,11/10/2023,FALSE
Nirbhay,Singh,n@gmail.com,09/12/2022,TRUE
Sakshi,Babbar,s@gmail.com,10/10/2023,FALSE
Manish,kumar,m@gmail.com,11/10/2023,FALSE
Nirbhay,Singh,n@gmail.com,09/12/2022,TRUE
Sakshi,Babbar,s@gmail.com,10/10/2023,FALSE
Manish,kumar,m@gmail.com,11/10/2023,FALSE
Nirbhay,Singh,n@gmail.com,09/12/2022,TRUE
Sakshi,Babbar,s@gmail.com,10/10/2023,FALSE
Manish,kumar,m@gmail.com,11/10/2023,FALSE
Nirbhay,Singh,n@gmail.com,09/12/2022,TRUE
Sakshi,Babbar,s@gmail.com,10/10/2023,FALSE
Manish,kumar,m@gmail.com,11/10/2023,FALSE
Nirbhay,Singh,n@gmail.com,09/12/2022,TRUE
Sakshi,Babbar,s@gmail.com,10/10/2023,FALSE
Manish,kumar,m@gmail.com,11/10/2023,FALSE
Nirbhay,Singh,n@gmail.com,09/12/2022,TRUE
Sakshi,Babbar,s@gmail.com,10/10/2023,FALSE
Manish,kumar,m@gmail.com,11/10/2023,FALSE
Nirbhay,Singh,n@gmail.com,09/12/2022,TRUE
Sakshi,Babbar,s@gmail.com,10/10/2023,FALSE
Manish,kumar,m@gmail.com,11/10/2023,FALSE
Nirbhay,Singh,n@gmail.com,09/12/2022,TRUE
Sakshi,Babbar,s@gmail.com,10/10/2023,FALSE
Manish,kumar,m@gmail.com,11/10/2023,FALSE
Nirbhay,Singh,n@gmail.com,09/12/2022,TRUE
Sakshi,Babbar,s@gmail.com,10/10/2023,FALSE
Manish,kumar,m@gmail.com,11/10/2023,FALSE
Nirbhay,Singh,n@gmail.com,09/12/2022,TRUE
Sakshi,Babbar,s@gmail.com,10/10/2023,FALSE
Manish,kumar,m@gmail.com,11/10/2023,FALSE
Nirbhay,Singh,n@gmail.com,09/12/2022,TRUE
Sakshi,Babbar,s@gmail.com,10/10/2023,FALSE
Manish,kumar,m@gmail.com,11/10/2023,FALSE
Nirbhay,Singh,n@gmail.com,09/12/2022,TRUE
Sakshi,Babbar,s@gmail.com,10/10/2023,FALSE
Manish,kumar,m@gmail.com,11/10/2023,FALSE
Nirbhay,Singh,n@gmail.com,09/12/2022,TRUE
Sakshi,Babbar,s@gmail.com,10/10/2023,FALSE
Manish,kumar,m@gmail.com,11/10/2023,FALSE
Nirbhay,Singh,n@gmail.com,09/12/2022,TRUE
Sakshi,Babbar,s@gmail.com,10/10/2023,FALSE
Manish,kumar,m@gmail.com,11/10/2023,FALSE
Nirbhay,Singh,n@gmail.com,09/12/2022,TRUE
Sakshi,Babbar,s@gmail.com,10/10/2023,FALSE
Manish,kumar,m@gmail.com,11/10/2023,FALSE
Nirbhay,Singh,n@gmail.com,09/12/2022,TRUE
Sakshi,Babbar,s@gmail.com,10/10/2023,FALSE
Manish,kumar,m@gmail.com,11/10/2023,FALSE
Nirbhay,Singh,n@gmail.com,09/12/2022,TRUE
Sakshi,Babbar,s@gmail.com,10/10/2023,FALSE
Manish,kumar,m@gmail.com,11/10/2023,FALSE
Nirbhay,Singh,n@gmail.com,09/12/2022,TRUE
Sakshi,Babbar,s@gmail.com,10/10/2023,FALSE
Manish,kumar,m@gmail.com,11/10/2023,FALSE
Nirbhay,Singh,n@gmail.com,09/12/2022,TRUE
Sakshi,Babbar,s@gmail.com,10/10/2023,FALSE
Manish,kumar,m@gmail.com,11/10/2023,FALSE
Nirbhay,Singh,n@gmail.com,09/12/2022,TRUE
Sakshi,Babbar,s@gmail.com,10/10/2023,FALSE
Manish,kumar,m@gmail.com,11/10/2023,FALSE
Nirbhay,Singh,n@gmail.com,09/12/2022,TRUE
Sakshi,Babbar,s@gmail.com,10/10/2023,FALSE
Manish,kumar,m@gmail.com,11/10/2023,FALSE
Nirbhay,Singh,n@gmail.com,09/12/2022,TRUE
Sakshi,Babbar,s@gmail.com,10/10/2023,FALSE
Manish,kumar,m@gmail.com,11/10/2023,FALSE
Nirbhay,Singh,n@gmail.com,09/12/2022,TRUE
Sakshi,Babbar,s@gmail.com,10/10/2023,FALSE
Manish,kumar,m@gmail.com,11/10/2023,FALSE
Nirbhay,Singh,n@gmail.com,09/12/2022,TRUE
Sakshi,Babbar,s@gmail.com,10/10/2023,FALSE
Manish,kumar,m@gmail.com,11/10/2023,FALSE
Nirbhay,Singh,n@gmail.com,09/12/2022,TRUE
Sakshi,Babbar,s@gmail.com,10/10/2023,FALSE
Manish,kumar,m@gmail.com,11/10/2023,FALSE
Nirbhay,Singh,n@gmail.com,09/12/2022,TRUE
Sakshi,Babbar,s@gmail.com,10/10/2023,FALSE
Manish,kumar,m@gmail.com,11/10/2023,FALSE
Nirbhay,Singh,n@gmail.com,09/12/2022,TRUE
Sakshi,Babbar,s@gmail.com,10/10/2023,FALSE
Manish,kumar,m@gmail.com,11/10/2023,FALSE
Nirbhay,Singh,n@gmail.com,09/12/2022,TRUE
Sakshi,Babbar,s@gmail.com,10/10/2023,FALSE
Manish,kumar,m@gmail.com,11/10/2023,FALSE
Nirbhay,Singh,n@gmail.com,09/12/2022,TRUE
Sakshi,Babbar,s@gmail.com,10/10/2023,FALSE
Manish,kumar,m@gmail.com,11/10/2023,FALSE
Nirbhay,Singh,n@gmail.com,09/12/2022,TRUE
Sakshi,Babbar,s@gmail.com,10/10/2023,FALSE
Manish,kumar,m@gmail.com,11/10/2023,FALSE
Nirbhay,Singh,n@gmail.com,09/12/2022,TRUE
Sakshi,Babbar,s@gmail.com,10/10/2023,FALSE
Manish,kumar,m@gmail.com,11/10/2023,FALSE
Nirbhay,Singh,n@gmail.com,09/12/2022,TRUE
Sakshi,Babbar,s@gmail.com,10/10/2023,FALSE
Manish,kumar,m@gmail.com,11/10/2023,FALSE
Nirbhay,Singh,n@gmail.com,09/12/2022,TRUE
Sakshi,Babbar,s@gmail.com,10/10/2023,FALSE
Manish,kumar,m@gmail.com,11/10/2023,FALSE
Nirbhay,Singh,n@gmail.com,09/12/2022,TRUE
Sakshi,Babbar,s@gmail.com,10/10/2023,FALSE
Manish,kumar,m@gmail.com,11/10/2023,FALSE
Nirbhay,Singh,n@gmail.com,09/12/2022,TRUE
Sakshi,Babbar,s@gmail.com,10/10/2023,FALSE
Manish,kumar,m@gmail.com,11/10/2023,FALSE
Nirbhay,Singh,n@gmail.com,09/12/2022,TRUE
Sakshi,Babbar,s@gmail.com,10/10/2023,FALSE
Manish,kumar,m@gmail.com,11/10/2023,FALSE
Nirbhay,Singh,n@gmail.com,09/12/2022,TRUE
Sakshi,Babbar,s@gmail.com,10/10/2023,FALSE
Manish,kumar,m@gmail.com,11/10/2023,FALSE
Nirbhay,Singh,n@gmail.com,09/12/2022,TRUE
Sakshi,Babbar,s@gmail.com,10/10/2023,FALSE
Manish,kumar,m@gmail.com,11/10/2023,FALSE
Nirbhay,Singh,n@gmail.com,09/12/2022,TRUE
Sakshi,Babbar,s@gmail.com,10/10/2023,FALSE
Manish,kumar,m@gmail.com,11/10/2023,FALSE
Nirbhay,Singh,n@gmail.com,09/12/2022,TRUE
Sakshi,Babbar,s@gmail.com,10/10/2023,FALSE
Manish,kumar,m@gmail.com,11/10/2023,FALSE
Nirbhay,Singh,n@gmail.com,09/12/2022,TRUE
Sakshi,Babbar,s@gmail.com,10/10/2023,FALSE
Manish,kumar,m@gmail.com,11/10/2023,FALSE
Nirbhay,Singh,n@gmail.com,09/12/2022,TRUE
Sakshi,Babbar,s@gmail.com,10/10/2023,FALSE
Manish,kumar,m@gmail.com,11/10/2023,FALSE
Nirbhay,Singh,n@gmail.com,09/12/2022,TRUE
Sakshi,Babbar,s@gmail.com,10/10/2023,FALSE
Manish,kumar,m@gmail.com,11/10/2023,FALSE
Nirbhay,Singh,n@gmail.com,09/12/2022,TRUE
Sakshi,Babbar,s@gmail.com,10/10/2023,FALSE
Manish,kumar,m@gmail.com,11/10/2023,FALSE
Nirbhay,Singh,n@gmail.com,09/12/2022,TRUE
Sakshi,Babbar,s@gmail.com,10/10/2023,FALSE
Manish,kumar,m@gmail.com,11/10/2023,FALSE
Nirbhay,Singh,n@gmail.com,09/12/2022,TRUE
Sakshi,Babbar,s@gmail.com,10/10/2023,FALSE
Manish,kumar,m@gmail.com,11/10/2023,FALSE
Nirbhay,Singh,n@gmail.com,09/12/2022,TRUE
Sakshi,Babbar,s@gmail.com,10/10/2023,FALSE
Manish,kumar,m@gmail.com,11/10/2023,FALSE
Nirbhay,Singh,n@gmail.com,09/12/2022,TRUE
Sakshi,Babbar,s@gmail.com,10/10/2023,FALSE
Manish,kumar,m@gmail.com,11/10/2023,FALSE
Nirbhay,Singh,n@gmail.com,09/12/2022,TRUE
Sakshi,Babbar,s@gmail.com,10/10/2023,FALSE
Manish,kumar,m@gmail.com,11/10/2023,FALSE
Nirbhay,Singh,n@gmail.com,09/12/2022,TRUE
Sakshi,Babbar,s@gmail.com,10/10/2023,FALSE
Manish,kumar,m@gmail.com,11/10/2023,FALSE
Nirbhay,Singh,n@gmail.com,09/12/2022,TRUE
Sakshi,Babbar,s@gmail.com,10/10/2023,FALSE
Manish,kumar,m@gmail.com,11/10/2023,FALSE
Nirbhay,Singh,n@gmail.com,09/12/2022,TRUE
Sakshi,Babbar,s@gmail.com,10/10/2023,FALSE
Manish,kumar,m@gmail.com,11/10/2023,FALSE
Nirbhay,Singh,n@gmail.com,09/12/2022,TRUE
Sakshi,Babbar,s@gmail.com,10/10/2023,FALSE
Manish,kumar,m@gmail.com,11/10/2023,FALSE
Nirbhay,Singh,n@gmail.com,09/12/2022,TRUE
Sakshi,Babbar,s@gmail.com,10/10/2023,FALSE
Manish,kumar,m@gmail.com,11/10/2023,FALSE
Nirbhay,Singh,n@gmail.com,09/12/2022,TRUE
Sakshi,Babbar,s@gmail.com,10/10/2023,FALSE
Manish,kumar,m@gmail.com,11/10/2023,FALSE
Nirbhay,Singh,n@gmail.com,09/12/2022,TRUE
Sakshi,Babbar,s@gmail.com,10/10/2023,FALSE
Manish,kumar,m@gmail.com,11/10/2023,FALSE
Nirbhay,Singh,n@gmail.com,09/12/2022,TRUE
Sakshi,Babbar,s@gmail.com,10/10/2023,FALSE
Manish,kumar,m@gmail.com,11/10/2023,FALSE
Nirbhay,Singh,n@gmail.com,09/12/2022,TRUE
Sakshi,Babbar,s@gmail.com,10/10/2023,FALSE
Manish,kumar,m@gmail.com,11/10/2023,FALSE
Nirbhay,Singh,n@gmail.com,09/12/2022,TRUE
Sakshi,Babbar,s@gmail.com,10/10/2023,FALSE
Manish,kumar,m@gmail.com,11/10/2023,FALSE
Nirbhay,Singh,n@gmail.com,09/12/2022,TRUE
Sakshi,Babbar,s@gmail.com,10/10/2023,FALSE
Manish,kumar,m@gmail.com,11/10/2023,FALSE
Nirbhay,Singh,n@gmail.com,09/12/2022,TRUE
Sakshi,Babbar,s@gmail.com,10/10/2023,FALSE
Manish,kumar,m@gmail.com,11/10/2023,FALSE
Nirbhay,Singh,n@gmail.com,09/12/2022,TRUE
Sakshi,Babbar,s@gmail.com,10/10/2023,FALSE
Manish,kumar,m@gmail.com,11/10/2023,FALSE
Nirbhay,Singh,n@gmail.com,09/12/2022,TRUE
Sakshi,Babbar,s@gmail.com,10/10/2023,FALSE
Manish,kumar,m@gmail.com,11/10/2023,FALSE
Nirbhay,Singh,n@gmail.com,09/12/2022,TRUE
Sakshi,Babbar,s@gmail.com,10/10/2023,FALSE
Manish,kumar,m@gmail.com,11/10/2023,FALSE
Nirbhay,Singh,n@gmail.com,09/12/2022,TRUE
Sakshi,Babbar,s@gmail.com,10/10/2023,FALSE
Manish,kumar,m@gmail.com,11/10/2023,FALSE
Nirbhay,Singh,n@gmail.com,09/12/2022,TRUE
Sakshi,Babbar,s@gmail.com,10/10/2023,FALSE
Manish,kumar,m@gmail.com,11/10/2023,FALSE
Nirbhay,Singh,n@gmail.com,09/12/2022,TRUE
Sakshi,Babbar,s@gmail.com,10/10/2023,FALSE
Manish,kumar,m@gmail.com,11/10/2023,FALSE
Nirbhay,Singh,n@gmail.com,09/12/2022,TRUE
Sakshi,Babbar,s@gmail.com,10/10/2023,FALSE
Manish,kumar,m@gmail.com,11/10/2023,FALSE
Nirbhay,Singh,n@gmail.com,09/12/2022,TRUE
Sakshi,Babbar,s@gmail.com,10/10/2023,FALSE
Manish,kumar,m@gmail.com,11/10/2023,FALSE
Nirbhay,Singh,n@gmail.com,09/12/2022,TRUE
Sakshi,Babbar,s@gmail.com,10/10/2023,FALSE
Manish,kumar,m@gmail.com,11/10/2023,FALSE
Nirbhay,Singh,n@gmail.com,09/12/2022,TRUE
Sakshi,Babbar,s@gmail.com,10/10/2023,FALSE
Manish,kumar,m@gmail.com,11/10/2023,FALSE
Nirbhay,Singh,n@gmail.com,09/12/2022,TRUE
Sakshi,Babbar,s@gmail.com,10/10/2023,FALSE
Manish,kumar,m@gmail.com,11/10/2023,FALSE
Nirbhay,Singh,n@gmail.com,09/12/2022,TRUE
Sakshi,Babbar,s@gmail.com,10/10/2023,FALSE
Manish,kumar,m@gmail.com,11/10/2023,FALSE
Nirbhay,Singh,n@gmail.com,09/12/2022,TRUE
Sakshi,Babbar,s@gmail.com,10/10/2023,FALSE
Manish,kumar,m@gmail.com,11/10/2023,FALSE
Nirbhay,Singh,n@gmail.com,09/12/2022,TRUE
Sakshi,Babbar,s@gmail.com,10/10/2023,FALSE
Manish,kumar,m@gmail.com,11/10/2023,FALSE
Nirbhay,Singh,n@gmail.com,09/12/2022,TRUE
Sakshi,Babbar,s@gmail.com,10/10/2023,FALSE
Manish,kumar,m@gmail.com,11/10/2023,FALSE
Nirbhay,Singh,n@gmail.com,09/12/2022,TRUE
Sakshi,Babbar,s@gmail.com,10/10/2023,FALSE
Manish,kumar,m@gmail.com,11/10/2023,FALSE
Nirbhay,Singh,n@gmail.com,09/12/2022,TRUE
Sakshi,Babbar,s@gmail.com,10/10/2023,FALSE
Manish,kumar,m@gmail.com,11/10/2023,FALSE
Nirbhay,Singh,n@gmail.com,09/12/2022,TRUE
Sakshi,Babbar,s@gmail.com,10/10/2023,FALSE
Manish,kumar,m@gmail.com,11/10/2023,FALSE
Nirbhay,Singh,n@gmail.com,09/12/2022,TRUE
Sakshi,Babbar,s@gmail.com,10/10/2023,FALSE
Manish,kumar,m@gmail.com,11/10/2023,FALSE
Nirbhay,Singh,n@gmail.com,09/12/2022,TRUE
Sakshi,Babbar,s@gmail.com,10/10/2023,FALSE
Manish,kumar,m@gmail.com,11/10/2023,FALSE
Nirbhay,Singh,n@gmail.com,09/12/2022,TRUE
Sakshi,Babbar,s@gmail.com,10/10/2023,FALSE
Manish,kumar,m@gmail.com,11/10/2023,FALSE
Nirbhay,Singh,n@gmail.com,09/12/2022,TRUE
Sakshi,Babbar,s@gmail.com,10/10/2023,FALSE
Manish,kumar,m@gmail.com,11/10/2023,FALSE
Nirbhay,Singh,n@gmail.com,09/12/2022,TRUE
Sakshi,Babbar,s@gmail.com,10/10/2023,FALSE
Manish,kumar,m@gmail.com,11/10/2023,FALSE
Nirbhay,Singh,n@gmail.com,09/12/2022,TRUE
Sakshi,Babbar,s@gmail.com,10/10/2023,FALSE
Manish,kumar,m@gmail.com,11/10/2023,FALSE
Nirbhay,Singh,n@gmail.com,09/12/2022,TRUE
Sakshi,Babbar,s@gmail.com,10/10/2023,FALSE
Manish,kumar,m@gmail.com,11/10/2023,FALSE
Nirbhay,Singh,n@gmail.com,09/12/2022,TRUE
Sakshi,Babbar,s@gmail.com,10/10/2023,FALSE
Manish,kumar,m@gmail.com,11/10/2023,FALSE
Nirbhay,Singh,n@gmail.com,09/12/2022,TRUE
Sakshi,Babbar,s@gmail.com,10/10/2023,FALSE
Manish,kumar,m@gmail.com,11/10/2023,FALSE
Nirbhay,Singh,n@gmail.com,09/12/2022,TRUE
Sakshi,Babbar,s@gmail.com,10/10/2023,FALSE
Manish,kumar,m@gmail.com,11/10/2023,FALSE
Nirbhay,Singh,n@gmail.com,09/12/2022,TRUE
Sakshi,Babbar,s@gmail.com,10/10/2023,FALSE
Manish,kumar,m@gmail.com,11/10/2023,FALSE
Nirbhay,Singh,n@gmail.com,09/12/2022,TRUE
Sakshi,Babbar,s@gmail.com,10/10/2023,FALSE
Manish,kumar,m@gmail.com,11/10/2023,FALSE
Nirbhay,Singh,n@gmail.com,09/12/2022,TRUE
Sakshi,Babbar,s@gmail.com,10/10/2023,FALSE
Manish,kumar,m@gmail.com,11/10/2023,FALSE
Nirbhay,Singh,n@gmail.com,09/12/2022,TRUE
Sakshi,Babbar,s@gmail.com,10/10/2023,FALSE
Manish,kumar,m@gmail.com,11/10/2023,FALSE
Nirbhay,Singh,n@gmail.com,09/12/2022,TRUE
Sakshi,Babbar,s@gmail.com,10/10/2023,FALSE
Manish,kumar,m@gmail.com,11/10/2023,FALSE
Nirbhay,Singh,n@gmail.com,09/12/2022,TRUE
Sakshi,Babbar,s@gmail.com,10/10/2023,FALSE
Manish,kumar,m@gmail.com,11/10/2023,FALSE
Nirbhay,Singh,n@gmail.com,09/12/2022,TRUE
Sakshi,Babbar,s@gmail.com,10/10/2023,FALSE
Manish,kumar,m@gmail.com,11/10/2023,FALSE
Nirbhay,Singh,n@gmail.com,09/12/2022,TRUE
Sakshi,Babbar,s@gmail.com,10/10/2023,FALSE
Manish,kumar,m@gmail.com,11/10/2023,FALSE
Nirbhay,Singh,n@gmail.com,09/12/2022,TRUE
Sakshi,Babbar,s@gmail.com,10/10/2023,FALSE
Manish,kumar,m@gmail.com,11/10/2023,FALSE
Nirbhay,Singh,n@gmail.com,09/12/2022,TRUE
Sakshi,Babbar,s@gmail.com,10/10/2023,FALSE
Manish,kumar,m@gmail.com,11/10/2023,FALSE
Nirbhay,Singh,n@gmail.com,09/12/2022,TRUE
Sakshi,Babbar,s@gmail.com,10/10/2023,FALSE
Manish,kumar,m@gmail.com,11/10/2023,FALSE
Nirbhay,Singh,n@gmail.com,09/12/2022,TRUE
Sakshi,Babbar,s@gmail.com,10/10/2023,FALSE
Manish,kumar,m@gmail.com,11/10/2023,FALSE
Nirbhay,Singh,n@gmail.com,09/12/2022,TRUE
Sakshi,Babbar,s@gmail.com,10/10/2023,FALSE
Manish,kumar,m@gmail.com,11/10/2023,FALSE
Nirbhay,Singh,n@gmail.com,09/12/2022,TRUE
Sakshi,Babbar,s@gmail.com,10/10/2023,FALSE
Manish,kumar,m@gmail.com,11/10/2023,FALSE
Nirbhay,Singh,n@gmail.com,09/12/2022,TRUE
Sakshi,Babbar,s@gmail.com,10/10/2023,FALSE
Manish,kumar,m@gmail.com,11/10/2023,FALSE
Nirbhay,Singh,n@gmail.com,09/12/2022,TRUE
Sakshi,Babbar,s@gmail.com,10/10/2023,FALSE
Manish,kumar,m@gmail.com,11/10/2023,FALSE
Nirbhay,Singh,n@gmail.com,09/12/2022,TRUE
Sakshi,Babbar,s@gmail.com,10/10/2023,FALSE
Manish,kumar,m@gmail.com,11/10/2023,FALSE
Nirbhay,Singh,n@gmail.com,09/12/2022,TRUE
Sakshi,Babbar,s@gmail.com,10/10/2023,FALSE
Manish,kumar,m@gmail.com,11/10/2023,FALSE
Nirbhay,Singh,n@gmail.com,09/12/2022,TRUE
Sakshi,Babbar,s@gmail.com,10/10/2023,FALSE
Manish,kumar,m@gmail.com,11/10/2023,FALSE
Nirbhay,Singh,n@gmail.com,09/12/2022,TRUE
Sakshi,Babbar,s@gmail.com,10/10/2023,FALSE
Manish,kumar,m@gmail.com,11/10/2023,FALSE
Nirbhay,Singh,n@gmail.com,09/12/2022,TRUE
Sakshi,Babbar,s@gmail.com,10/10/2023,FALSE
Manish,kumar,m@gmail.com,11/10/2023,FALSE
Nirbhay,Singh,n@gmail.com,09/12/2022,TRUE
Sakshi,Babbar,s@gmail.com,10/10/2023,FALSE
Manish,kumar,m@gmail.com,11/10/2023,FALSE
Nirbhay,Singh,n@gmail.com,09/12/2022,TRUE
Sakshi,Babbar,s@gmail.com,10/10/2023,FALSE
Manish,kumar,m@gmail.com,11/10/2023,FALSE
Nirbhay,Singh,n@gmail.com,09/12/2022,TRUE
Sakshi,Babbar,s@gmail.com,10/10/2023,FALSE
Manish,kumar,m@gmail.com,11/10/2023,FALSE
Nirbhay,Singh,n@gmail.com,09/12/2022,TRUE
Sakshi,Babbar,s@gmail.com,10/10/2023,FALSE
Manish,kumar,m@gmail.com,11/10/2023,FALSE
Nirbhay,Singh,n@gmail.com,09/12/2022,TRUE
Sakshi,Babbar,s@gmail.com,10/10/2023,FALSE
Manish,kumar,m@gmail.com,11/10/2023,FALSE
Nirbhay,Singh,n@gmail.com,09/12/2022,TRUE
Sakshi,Babbar,s@gmail.com,10/10/2023,FALSE
Manish,kumar,m@gmail.com,11/10/2023,FALSE
Nirbhay,Singh,n@gmail.com,09/12/2022,TRUE
Sakshi,Babbar,s@gmail.com,10/10/2023,FALSE
Manish,kumar,m@gmail.com,11/10/2023,FALSE
Nirbhay,Singh,n@gmail.com,09/12/2022,TRUE
Sakshi,Babbar,s@gmail.com,10/10/2023,FALSE
Manish,kumar,m@gmail.com,11/10/2023,FALSE
Nirbhay,Singh,n@gmail.com,09/12/2022,TRUE
Sakshi,Babbar,s@gmail.com,10/10/2023,FALSE
Manish,kumar,m@gmail.com,11/10/2023,FALSE
Nirbhay,Singh,n@gmail.com,09/12/2022,TRUE
Sakshi,Babbar,s@gmail.com,10/10/2023,FALSE
Manish,kumar,m@gmail.com,11/10/2023,FALSE
Nirbhay,Singh,n@gmail.com,09/12/2022,TRUE
Sakshi,Babbar,s@gmail.com,10/10/2023,FALSE
Manish,kumar,m@gmail.com,11/10/2023,FALSE
Nirbhay,Singh,n@gmail.com,09/12/2022,TRUE
Sakshi,Babbar,s@gmail.com,10/10/2023,FALSE
Manish,kumar,m@gmail.com,11/10/2023,FALSE
Nirbhay,Singh,n@gmail.com,09/12/2022,TRUE
Sakshi,Babbar,s@gmail.com,10/10/2023,FALSE
Manish,kumar,m@gmail.com,11/10/2023,FALSE
Nirbhay,Singh,n@gmail.com,09/12/2022,TRUE
Sakshi,Babbar,s@gmail.com,10/10/2023,FALSE
Manish,kumar,m@gmail.com,11/10/2023,FALSE
Nirbhay,Singh,n@gmail.com,09/12/2022,TRUE
Sakshi,Babbar,s@gmail.com,10/10/2023,FALSE
Manish,kumar,m@gmail.com,11/10/2023,FALSE
Nirbhay,Singh,n@gmail.com,09/12/2022,TRUE
Sakshi,Babbar,s@gmail.com,10/10/2023,FALSE
Manish,kumar,m@gmail.com,11/10/2023,FALSE
Nirbhay,Singh,n@gmail.com,09/12/2022,TRUE
Sakshi,Babbar,s@gmail.com,10/10/2023,FALSE
Manish,kumar,m@gmail.com,11/10/2023,FALSE
Nirbhay,Singh,n@gmail.com,09/12/2022,TRUE
Sakshi,Babbar,s@gmail.com,10/10/2023,FALSE
Manish,kumar,m@gmail.com,11/10/2023,FALSE
Nirbhay,Singh,n@gmail.com,09/12/2022,TRUE
Sakshi,Babbar,s@gmail.com,10/10/2023,FALSE
Manish,kumar,m@gmail.com,11/10/2023,FALSE
Nirbhay,Singh,n@gmail.com,09/12/2022,TRUE
Sakshi,Babbar,s@gmail.com,10/10/2023,FALSE
Manish,kumar,m@gmail.com,11/10/2023,FALSE
Nirbhay,Singh,n@gmail.com,09/12/2022,TRUE
Sakshi,Babbar,s@gmail.com,10/10/2023,FALSE
Manish,kumar,m@gmail.com,11/10/2023,FALSE
Nirbhay,Singh,n@gmail.com,09/12/2022,TRUE
Sakshi,Babbar,s@gmail.com,10/10/2023,FALSE
Manish,kumar,m@gmail.com,11/10/2023,FALSE
Nirbhay,Singh,n@gmail.com,09/12/2022,TRUE
Sakshi,Babbar,s@gmail.com,10/10/2023,FALSE
Manish,kumar,m@gmail.com,11/10/2023,FALSE
Nirbhay,Singh,n@gmail.com,09/12/2022,TRUE
Sakshi,Babbar,s@gmail.com,10/10/2023,FALSE
Manish,kumar,m@gmail.com,11/10/2023,FALSE
Nirbhay,Singh,n@gmail.com,09/12/2022,TRUE
Sakshi,Babbar,s@gmail.com,10/10/2023,FALSE
Manish,kumar,m@gmail.com,11/10/2023,FALSE
Nirbhay,Singh,n@gmail.com,09/12/2022,TRUE
Sakshi,Babbar,s@gmail.com,10/10/2023,FALSE
Manish,kumar,m@gmail.com,11/10/2023,FALSE
Nirbhay,Singh,n@gmail.com,09/12/2022,TRUE
Sakshi,Babbar,s@gmail.com,10/10/2023,FALSE
Manish,kumar,m@gmail.com,11/10/2023,FALSE
Nirbhay,Singh,n@gmail.com,09/12/2022,TRUE
Sakshi,Babbar,s@gmail.com,10/10/2023,FALSE
Manish,kumar,m@gmail.com,11/10/2023,FALSE
Nirbhay,Singh,n@gmail.com,09/12/2022,TRUE
Sakshi,Babbar,s@gmail.com,10/10/2023,FALSE
Manish,kumar,m@gmail.com,11/10/2023,FALSE
Nirbhay,Singh,n@gmail.com,09/12/2022,TRUE
Sakshi,Babbar,s@gmail.com,10/10/2023,FALSE
Manish,kumar,m@gmail.com,11/10/2023,FALSE
Nirbhay,Singh,n@gmail.com,09/12/2022,TRUE
Sakshi,Babbar,s@gmail.com,10/10/2023,FALSE
Manish,kumar,m@gmail.com,11/10/2023,FALSE
Nirbhay,Singh,n@gmail.com,09/12/2022,TRUE
Sakshi,Babbar,s@gmail.com,10/10/2023,FALSE
Manish,kumar,m@gmail.com,11/10/2023,FALSE
Nirbhay,Singh,n@gmail.com,09/12/2022,TRUE
Sakshi,Babbar,s@gmail.com,10/10/2023,FALSE
Manish,kumar,m@gmail.com,11/10/2023,FALSE
Nirbhay,Singh,n@gmail.com,09/12/2022,TRUE
Sakshi,Babbar,s@gmail.com,10/10/2023,FALSE
Manish,kumar,m@gmail.com,11/10/2023,FALSE
Nirbhay,Singh,n@gmail.com,09/12/2022,TRUE
Sakshi,Babbar,s@gmail.com,10/10/2023,FALSE
Manish,kumar,m@gmail.com,11/10/2023,FALSE
Nirbhay,Singh,n@gmail.com,09/12/2022,TRUE
Sakshi,Babbar,s@gmail.com,10/10/2023,FALSE
Manish,kumar,m@gmail.com,11/10/2023,FALSE
Nirbhay,Singh,n@gmail.com,09/12/2022,TRUE
Sakshi,Babbar,s@gmail.com,10/10/2023,FALSE
Manish,kumar,m@gmail.com,11/10/2023,FALSE
Nirbhay,Singh,n@gmail.com,09/12/2022,TRUE
Sakshi,Babbar,s@gmail.com,10/10/2023,FALSE
Manish,kumar,m@gmail.com,11/10/2023,FALSE
Nirbhay,Singh,n@gmail.com,09/12/2022,TRUE
Sakshi,Babbar,s@gmail.com,10/10/2023,FALSE
Manish,kumar,m@gmail.com,11/10/2023,FALSE
Nirbhay,Singh,n@gmail.com,09/12/2022,TRUE
Sakshi,Babbar,s@gmail.com,10/10/2023,FALSE
Manish,kumar,m@gmail.com,11/10/2023,FALSE
Nirbhay,Singh,n@gmail.com,09/12/2022,TRUE
Sakshi,Babbar,s@gmail.com,10/10/2023,FALSE
Manish,kumar,m@gmail.com,11/10/2023,FALSE
Nirbhay,Singh,n@gmail.com,09/12/2022,TRUE
Sakshi,Babbar,s@gmail.com,10/10/2023,FALSE
Manish,kumar,m@gmail.com,11/10/2023,FALSE
Nirbhay,Singh,n@gmail.com,09/12/2022,TRUE
Sakshi,Babbar,s@gmail.com,10/10/2023,FALSE
Manish,kumar,m@gmail.com,11/10/2023,FALSE
Nirbhay,Singh,n@gmail.com,09/12/2022,TRUE
Sakshi,Babbar,s@gmail.com,10/10/2023,FALSE
Manish,kumar,m@gmail.com,11/10/2023,FALSE
Nirbhay,Singh,n@gmail.com,09/12/2022,TRUE
Sakshi,Babbar,s@gmail.com,10/10/2023,FALSE
Manish,kumar,m@gmail.com,11/10/2023,FALSE
Nirbhay,Singh,n@gmail.com,09/12/2022,TRUE
Sakshi,Babbar,s@gmail.com,10/10/2023,FALSE
Manish,kumar,m@gmail.com,11/10/2023,FALSE
Nirbhay,Singh,n@gmail.com,09/12/2022,TRUE
Sakshi,Babbar,s@gmail.com,10/10/2023,FALSE
Manish,kumar,m@gmail.com,11/10/2023,FALSE
Nirbhay,Singh,n@gmail.com,09/12/2022,TRUE
Sakshi,Babbar,s@gmail.com,10/10/2023,FALSE
Manish,kumar,m@gmail.com,11/10/2023,FALSE
Nirbhay,Singh,n@gmail.com,09/12/2022,TRUE
Sakshi,Babbar,s@gmail.com,10/10/2023,FALSE
Manish,kumar,m@gmail.com,11/10/2023,FALSE
Nirbhay,Singh,n@gmail.com,09/12/2022,TRUE
Sakshi,Babbar,s@gmail.com,10/10/2023,FALSE
Manish,kumar,m@gmail.com,11/10/2023,FALSE
Nirbhay,Singh,n@gmail.com,09/12/2022,TRUE
Sakshi,Babbar,s@gmail.com,10/10/2023,FALSE
Manish,kumar,m@gmail.com,11/10/2023,FALSE
Nirbhay,Singh,n@gmail.com,09/12/2022,TRUE
Sakshi,Babbar,s@gmail.com,10/10/2023,FALSE
Manish,kumar,m@gmail.com,11/10/2023,FALSE
Nirbhay,Singh,n@gmail.com,09/12/2022,TRUE
Sakshi,Babbar,s@gmail.com,10/10/2023,FALSE
Manish,kumar,m@gmail.com,11/10/2023,FALSE
Nirbhay,Singh,n@gmail.com,09/12/2022,TRUE
Sakshi,Babbar,s@gmail.com,10/10/2023,FALSE
Manish,kumar,m@gmail.com,11/10/2023,FALSE
Nirbhay,Singh,n@gmail.com,09/12/2022,TRUE
Sakshi,Babbar,s@gmail.com,10/10/2023,FALSE
Manish,kumar,m@gmail.com,11/10/2023,FALSE
Nirbhay,Singh,n@gmail.com,09/12/2022,TRUE
Sakshi,Babbar,s@gmail.com,10/10/2023,FALSE
Manish,kumar,m@gmail.com,11/10/2023,FALSE
Nirbhay,Singh,n@gmail.com,09/12/2022,TRUE
Sakshi,Babbar,s@gmail.com,10/10/2023,FALSE
Manish,kumar,m@gmail.com,11/10/2023,FALSE
Nirbhay,Singh,n@gmail.com,09/12/2022,TRUE
Sakshi,Babbar,s@gmail.com,10/10/2023,FALSE
Manish,kumar,m@gmail.com,11/10/2023,FALSE
Nirbhay,Singh,n@gmail.com,09/12/2022,TRUE
Sakshi,Babbar,s@gmail.com,10/10/2023,FALSE
Manish,kumar,m@gmail.com,11/10/2023,FALSE
Nirbhay,Singh,n@gmail.com,09/12/2022,TRUE
Sakshi,Babbar,s@gmail.com,10/10/2023,FALSE
Manish,kumar,m@gmail.com,11/10/2023,FALSE
Nirbhay,Singh,n@gmail.com,09/12/2022,TRUE
Sakshi,Babbar,s@gmail.com,10/10/2023,FALSE
Manish,kumar,m@gmail.com,11/10/2023,FALSE
Nirbhay,Singh,n@gmail.com,09/12/2022,TRUE
Sakshi,Babbar,s@gmail.com,10/10/2023,FALSE
Manish,kumar,m@gmail.com,11/10/2023,FALSE
Nirbhay,Singh,n@gmail.com,09/12/2022,TRUE
Sakshi,Babbar,s@gmail.com,10/10/2023,FALSE
Manish,kumar,m@gmail.com,11/10/2023,FALSE
Nirbhay,Singh,n@gmail.com,09/12/2022,TRUE
Sakshi,Babbar,s@gmail.com,10/10/2023,FALSE
Manish,kumar,m@gmail.com,11/10/2023,FALSE
Nirbhay,Singh,n@gmail.com,09/12/2022,TRUE
Sakshi,Babbar,s@gmail.com,10/10/2023,FALSE
Manish,kumar,m@gmail.com,11/10/2023,FALSE
Nirbhay,Singh,n@gmail.com,09/12/2022,TRUE
Sakshi,Babbar,s@gmail.com,10/10/2023,FALSE
Manish,kumar,m@gmail.com,11/10/2023,FALSE
Nirbhay,Singh,n@gmail.com,09/12/2022,TRUE
Sakshi,Babbar,s@gmail.com,10/10/2023,FALSE
Manish,kumar,m@gmail.com,11/10/2023,FALSE
Nirbhay,Singh,n@gmail.com,09/12/2022,TRUE
Sakshi,Babbar,s@gmail.com,10/10/2023,FALSE
Manish,kumar,m@gmail.com,11/10/2023,FALSE
Nirbhay,Singh,n@gmail.com,09/12/2022,TRUE
Sakshi,Babbar,s@gmail.com,10/10/2023,FALSE
Manish,kumar,m@gmail.com,11/10/2023,FALSE
Nirbhay,Singh,n@gmail.com,09/12/2022,TRUE
Sakshi,Babbar,s@gmail.com,10/10/2023,FALSE
Manish,kumar,m@gmail.com,11/10/2023,FALSE
Nirbhay,Singh,n@gmail.com,09/12/2022,TRUE
Sakshi,Babbar,s@gmail.com,10/10/2023,FALSE
Manish,kumar,m@gmail.com,11/10/2023,FALSE
Nirbhay,Singh,n@gmail.com,09/12/2022,TRUE
Sakshi,Babbar,s@gmail.com,10/10/2023,FALSE
Manish,kumar,m@gmail.com,11/10/2023,FALSE
Nirbhay,Singh,n@gmail.com,09/12/2022,TRUE
Sakshi,Babbar,s@gmail.com,10/10/2023,FALSE
Manish,kumar,m@gmail.com,11/10/2023,FALSE
Nirbhay,Singh,n@gmail.com,09/12/2022,TRUE
Sakshi,Babbar,s@gmail.com,10/10/2023,FALSE
Manish,kumar,m@gmail.com,11/10/2023,FALSE
Nirbhay,Singh,n@gmail.com,09/12/2022,TRUE
Sakshi,Babbar,s@gmail.com,10/10/2023,FALSE
Manish,kumar,m@gmail.com,11/10/2023,FALSE
Nirbhay,Singh,n@gmail.com,09/12/2022,TRUE
Sakshi,Babbar,s@gmail.com,10/10/2023,FALSE
Manish,kumar,m@gmail.com,11/10/2023,FALSE
Nirbhay,Singh,n@gmail.com,09/12/2022,TRUE
Sakshi,Babbar,s@gmail.com,10/10/2023,FALSE
Manish,kumar,m@gmail.com,11/10/2023,FALSE
Nirbhay,Singh,n@gmail.com,09/12/2022,TRUE
Sakshi,Babbar,s@gmail.com,10/10/2023,FALSE
Manish,kumar,m@gmail.com,11/10/2023,FALSE
Nirbhay,Singh,n@gmail.com,09/12/2022,TRUE
Sakshi,Babbar,s@gmail.com,10/10/2023,FALSE
Manish,kumar,m@gmail.com,11/10/2023,FALSE
Nirbhay,Singh,n@gmail.com,09/12/2022,TRUE
Sakshi,Babbar,s@gmail.com,10/10/2023,FALSE
Manish,kumar,m@gmail.com,11/10/2023,FALSE
Nirbhay,Singh,n@gmail.com,09/12/2022,TRUE
Sakshi,Babbar,s@gmail.com,10/10/2023,FALSE
Manish,kumar,m@gmail.com,11/10/2023,FALSE
Nirbhay,Singh,n@gmail.com,09/12/2022,TRUE
Sakshi,Babbar,s@gmail.com,10/10/2023,FALSE
Manish,kumar,m@gmail.com,11/10/2023,FALSE
Nirbhay,Singh,n@gmail.com,09/12/2022,TRUE
Sakshi,Babbar,s@gmail.com,10/10/2023,FALSE
Manish,kumar,m@gmail.com,11/10/2023,FALSE
Nirbhay,Singh,n@gmail.com,09/12/2022,TRUE
Sakshi,Babbar,s@gmail.com,10/10/2023,FALSE
Manish,kumar,m@gmail.com,11/10/2023,FALSE
Nirbhay,Singh,n@gmail.com,09/12/2022,TRUE
Sakshi,Babbar,s@gmail.com,10/10/2023,FALSE
Manish,kumar,m@gmail.com,11/10/2023,FALSE
Nirbhay,Singh,n@gmail.com,09/12/2022,TRUE
Sakshi,Babbar,s@gmail.com,10/10/2023,FALSE
Manish,kumar,m@gmail.com,11/10/2023,FALSE
Nirbhay,Singh,n@gmail.com,09/12/2022,TRUE
Sakshi,Babbar,s@gmail.com,10/10/2023,FALSE
Manish,kumar,m@gmail.com,11/10/2023,FALSE
Nirbhay,Singh,n@gmail.com,09/12/2022,TRUE
Sakshi,Babbar,s@gmail.com,10/10/2023,FALSE
Manish,kumar,m@gmail.com,11/10/2023,FALSE
Nirbhay,Singh,n@gmail.com,09/12/2022,TRUE
Sakshi,Babbar,s@gmail.com,10/10/2023,FALSE
Manish,kumar,m@gmail.com,11/10/2023,FALSE
Nirbhay,Singh,n@gmail.com,09/12/2022,TRUE
Sakshi,Babbar,s@gmail.com,10/10/2023,FALSE
Manish,kumar,m@gmail.com,11/10/2023,FALSE
Nirbhay,Singh,n@gmail.com,09/12/2022,TRUE
Sakshi,Babbar,s@gmail.com,10/10/2023,FALSE
Manish,kumar,m@gmail.com,11/10/2023,FALSE
Nirbhay,Singh,n@gmail.com,09/12/2022,TRUE
Sakshi,Babbar,s@gmail.com,10/10/2023,FALSE
Manish,kumar,m@gmail.com,11/10/2023,FALSE
Nirbhay,Singh,n@gmail.com,09/12/2022,TRUE
Sakshi,Babbar,s@gmail.com,10/10/2023,FALSE
Manish,kumar,m@gmail.com,11/10/2023,FALSE
Nirbhay,Singh,n@gmail.com,09/12/2022,TRUE
Sakshi,Babbar,s@gmail.com,10/10/2023,FALSE
Manish,kumar,m@gmail.com,11/10/2023,FALSE
Nirbhay,Singh,n@gmail.com,09/12/2022,TRUE
Sakshi,Babbar,s@gmail.com,10/10/2023,FALSE
Manish,kumar,m@gmail.com,11/10/2023,FALSE
Nirbhay,Singh,n@gmail.com,09/12/2022,TRUE
Sakshi,Babbar,s@gmail.com,10/10/2023,FALSE
Manish,kumar,m@gmail.com,11/10/2023,FALSE
Nirbhay,Singh,n@gmail.com,09/12/2022,TRUE
Sakshi,Babbar,s@gmail.com,10/10/2023,FALSE
Manish,kumar,m@gmail.com,11/10/2023,FALSE
Nirbhay,Singh,n@gmail.com,09/12/2022,TRUE
Sakshi,Babbar,s@gmail.com,10/10/2023,FALSE
Manish,kumar,m@gmail.com,11/10/2023,FALSE
Nirbhay,Singh,n@gmail.com,09/12/2022,TRUE
Sakshi,Babbar,s@gmail.com,10/10/2023,FALSE
Manish,kumar,m@gmail.com,11/10/2023,FALSE
Nirbhay,Singh,n@gmail.com,09/12/2022,TRUE
Sakshi,Babbar,s@gmail.com,10/10/2023,FALSE
Manish,kumar,m@gmail.com,11/10/2023,FALSE
Nirbhay,Singh,n@gmail.com,09/12/2022,TRUE
Sakshi,Babbar,s@gmail.com,10/10/2023,FALSE
Manish,kumar,m@gmail.com,11/10/2023,FALSE
Nirbhay,Singh,n@gmail.com,09/12/2022,TRUE
Sakshi,Babbar,s@gmail.com,10/10/2023,FALSE
Manish,kumar,m@gmail.com,11/10/2023,FALSE
Nirbhay,Singh,n@gmail.com,09/12/2022,TRUE
Sakshi,Babbar,s@gmail.com,10/10/2023,FALSE
Manish,kumar,m@gmail.com,11/10/2023,FALSE
Nirbhay,Singh,n@gmail.com,09/12/2022,TRUE
Sakshi,Babbar,s@gmail.com,10/10/2023,FALSE
Manish,kumar,m@gmail.com,11/10/2023,FALSE
Nirbhay,Singh,n@gmail.com,09/12/2022,TRUE
Sakshi,Babbar,s@gmail.com,10/10/2023,FALSE
Manish,kumar,m@gmail.com,11/10/2023,FALSE
Nirbhay,Singh,n@gmail.com,09/12/2022,TRUE
Sakshi,Babbar,s@gmail.com,10/10/2023,FALSE
Manish,kumar,m@gmail.com,11/10/2023,FALSE
Nirbhay,Singh,n@gmail.com,09/12/2022,TRUE
Sakshi,Babbar,s@gmail.com,10/10/2023,FALSE
Manish,kumar,m@gmail.com,11/10/2023,FALSE
Nirbhay,Singh,n@gmail.com,09/12/2022,TRUE
Sakshi,Babbar,s@gmail.com,10/10/2023,FALSE
Manish,kumar,m@gmail.com,11/10/2023,FALSE
Nirbhay,Singh,n@gmail.com,09/12/2022,TRUE
Sakshi,Babbar,s@gmail.com,10/10/2023,FALSE
Manish,kumar,m@gmail.com,11/10/2023,FALSE
Nirbhay,Singh,n@gmail.com,09/12/2022,TRUE
Sakshi,Babbar,s@gmail.com,10/10/2023,FALSE
Manish,kumar,m@gmail.com,11/10/2023,FALSE
Nirbhay,Singh,n@gmail.com,09/12/2022,TRUE
Sakshi,Babbar,s@gmail.com,10/10/2023,FALSE
Manish,kumar,m@gmail.com,11/10/2023,FALSE
Nirbhay,Singh,n@gmail.com,09/12/2022,TRUE
Sakshi,Babbar,s@gmail.com,10/10/2023,FALSE
Manish,kumar,m@gmail.com,11/10/2023,FALSE
Nirbhay,Singh,n@gmail.com,09/12/2022,TRUE
Sakshi,Babbar,s@gmail.com,10/10/2023,FALSE
Manish,kumar,m@gmail.com,11/10/2023,FALSE
Nirbhay,Singh,n@gmail.com,09/12/2022,TRUE
Sakshi,Babbar,s@gmail.com,10/10/2023,FALSE
Manish,kumar,m@gmail.com,11/10/2023,FALSE
Nirbhay,Singh,n@gmail.com,09/12/2022,TRUE
Sakshi,Babbar,s@gmail.com,10/10/2023,FALSE
Manish,kumar,m@gmail.com,11/10/2023,FALSE
Nirbhay,Singh,n@gmail.com,09/12/2022,TRUE
Sakshi,Babbar,s@gmail.com,10/10/2023,FALSE
Manish,kumar,m@gmail.com,11/10/2023,FALSE
Nirbhay,Singh,n@gmail.com,09/12/2022,TRUE
Sakshi,Babbar,s@gmail.com,10/10/2023,FALSE
Manish,kumar,m@gmail.com,11/10/2023,FALSE
Nirbhay,Singh,n@gmail.com,09/12/2022,TRUE
Sakshi,Babbar,s@gmail.com,10/10/2023,FALSE
Manish,kumar,m@gmail.com,11/10/2023,FALSE
